{"cameraMode":{"drawMode":0,"name":"Shaded","section":"Shading Mode"},"sceneLighting":false,"audioPlay":false,"sceneViewState":{"showFog":true,"showMaterialUpdate":false,"showSkybox":false,"showFlares":true,"showImageEffects":true,"showParticleSystems":true},"in2DMode":false,"pivot":{"x":-14.073869705200196,"y":3.6305413246154787,"z":7.563426971435547},"rotation":{"x":0.14114157855510713,"y":-0.6839816570281982,"z":0.13519547879695893,"w":0.7028506994247437},"size":3.6725189685821535,"orthographic":false}