{"cameraMode":{"drawMode":0,"name":"Shaded","section":"Shading Mode"},"sceneLighting":false,"audioPlay":false,"sceneViewState":{"showFog":true,"showMaterialUpdate":false,"showSkybox":false,"showFlares":true,"showImageEffects":true,"showParticleSystems":true},"in2DMode":false,"pivot":{"x":-12.854693412780762,"y":-4.024952411651611,"z":-2.836289405822754},"rotation":{"x":-0.14539317786693574,"y":0.7867898941040039,"z":-0.2025720626115799,"w":-0.5646683573722839},"size":22.75816535949707,"orthographic":false}