{"cameraMode":{"drawMode":0,"name":"Shaded","section":"Shading Mode"},"sceneLighting":false,"audioPlay":false,"sceneViewState":{"showFog":true,"showMaterialUpdate":false,"showSkybox":false,"showFlares":true,"showImageEffects":true,"showParticleSystems":true},"in2DMode":false,"pivot":{"x":7.154221534729004,"y":2.9557406902313234,"z":37.325050354003909},"rotation":{"x":-0.021160336211323739,"y":0.9803037047386169,"z":-0.13764749467372895,"w":-0.14053528010845185},"size":7.071940898895264,"orthographic":false}