{"cameraMode":{"drawMode":0,"name":"Shaded","section":"Shading Mode"},"sceneLighting":false,"audioPlay":false,"sceneViewState":{"showFog":true,"showMaterialUpdate":false,"showSkybox":false,"showFlares":true,"showImageEffects":true,"showParticleSystems":true},"in2DMode":false,"pivot":{"x":-1.0670223236083985,"y":1.5500061511993409,"z":0.00002956390380859375},"rotation":{"x":0.26820817589759829,"y":0.6641616225242615,"z":-0.278377890586853,"w":0.6398995518684387},"size":84.08001708984375,"orthographic":false}