{"cameraMode":{"drawMode":0,"name":"Shaded","section":"Shading Mode"},"sceneLighting":false,"audioPlay":false,"sceneViewState":{"showFog":true,"showMaterialUpdate":false,"showSkybox":false,"showFlares":true,"showImageEffects":true,"showParticleSystems":true},"in2DMode":false,"pivot":{"x":5.77372407913208,"y":4.92986536026001,"z":47.75991439819336},"rotation":{"x":0.004219294525682926,"y":0.9719016551971436,"z":-0.23475207388401032,"w":0.017496202141046525},"size":7.935455322265625,"orthographic":false}