{"cameraMode":{"drawMode":0,"name":"Shaded","section":"Shading Mode"},"sceneLighting":false,"audioPlay":false,"sceneViewState":{"showFog":true,"showMaterialUpdate":false,"showSkybox":false,"showFlares":true,"showImageEffects":true,"showParticleSystems":true},"in2DMode":false,"pivot":{"x":15.603116035461426,"y":-63.568756103515628,"z":209.17227172851563},"rotation":{"x":-0.2488749921321869,"y":0.3202241063117981,"z":-0.08759479224681854,"w":-0.9098660945892334},"size":6.2036919593811039,"orthographic":false}