{"cameraMode":{"drawMode":0,"name":"Shaded","section":"Shading Mode"},"sceneLighting":false,"audioPlay":false,"sceneViewState":{"showFog":true,"showMaterialUpdate":false,"showSkybox":false,"showFlares":true,"showImageEffects":true,"showParticleSystems":true},"in2DMode":false,"pivot":{"x":1.072953224182129,"y":-0.622081995010376,"z":-0.9764986038208008},"rotation":{"x":0.08359532803297043,"y":0.9014146327972412,"z":-0.2014775425195694,"w":0.37400946021080019},"size":9.148204803466797,"orthographic":false}