{"cameraMode":{"drawMode":0,"name":"Shaded","section":"Shading Mode"},"sceneLighting":false,"audioPlay":false,"sceneViewState":{"showFog":true,"showMaterialUpdate":false,"showSkybox":false,"showFlares":true,"showImageEffects":true,"showParticleSystems":true},"in2DMode":false,"pivot":{"x":3.034214496612549,"y":5.583120346069336,"z":44.01356506347656},"rotation":{"x":0.004219294525682926,"y":0.9719016551971436,"z":-0.23475207388401032,"w":0.017496202141046525},"size":7.171334743499756,"orthographic":false}