{"cameraMode":{"drawMode":0,"name":"Shaded","section":"Shading Mode"},"sceneLighting":false,"audioPlay":false,"sceneViewState":{"showFog":true,"showMaterialUpdate":false,"showSkybox":false,"showFlares":true,"showImageEffects":true,"showParticleSystems":true},"in2DMode":false,"pivot":{"x":9.530351638793946,"y":0.5463745594024658,"z":35.550907135009769},"rotation":{"x":0.06793710589408875,"y":0.9085550904273987,"z":-0.16746540367603303,"w":0.37683579325675967},"size":7.071940898895264,"orthographic":false}