{"cameraMode":{"drawMode":0,"name":"Shaded","section":"Shading Mode"},"sceneLighting":false,"audioPlay":false,"sceneViewState":{"showFog":true,"showMaterialUpdate":false,"showSkybox":false,"showFlares":true,"showImageEffects":true,"showParticleSystems":true},"in2DMode":false,"pivot":{"x":-10.00838565826416,"y":-4.546351909637451,"z":-6.567391395568848},"rotation":{"x":-0.1171080693602562,"y":0.8659579753875732,"z":-0.23965691030025483,"w":-0.4231199026107788},"size":22.75816535949707,"orthographic":false}