{"cameraMode":{"drawMode":0,"name":"Shaded","section":"Shading Mode"},"sceneLighting":false,"audioPlay":false,"sceneViewState":{"showFog":true,"showMaterialUpdate":false,"showSkybox":false,"showFlares":true,"showImageEffects":true,"showParticleSystems":true},"in2DMode":false,"pivot":{"x":-123.30841064453125,"y":30.076358795166017,"z":-22.129243850708009},"rotation":{"x":-0.08992171287536621,"y":0.9046182036399841,"z":-0.22814331948757173,"w":-0.34911248087882998},"size":9.615409851074219,"orthographic":false}