{"cameraMode":{"drawMode":0,"name":"Shaded","section":"Shading Mode"},"sceneLighting":false,"audioPlay":false,"sceneViewState":{"showFog":true,"showMaterialUpdate":false,"showSkybox":false,"showFlares":true,"showImageEffects":true,"showParticleSystems":true},"in2DMode":false,"pivot":{"x":-11.949295043945313,"y":2.109999895095825,"z":3.732712745666504},"rotation":{"x":-0.2648543417453766,"y":-0.6589214205741882,"z":0.26811742782592776,"w":-0.6510721445083618},"size":3.3864951133728029,"orthographic":false}