{"cameraMode":{"drawMode":0,"name":"Shaded","section":"Shading Mode"},"sceneLighting":false,"audioPlay":false,"sceneViewState":{"showFog":true,"showMaterialUpdate":false,"showSkybox":false,"showFlares":true,"showImageEffects":true,"showParticleSystems":true},"in2DMode":false,"pivot":{"x":-21.376161575317384,"y":8.139065742492676,"z":6.8327178955078129},"rotation":{"x":-0.30909037590026858,"y":-0.5946024060249329,"z":0.26514503359794619,"w":-0.6933372616767883},"size":2.8578836917877199,"orthographic":false}