{"cameraMode":{"drawMode":0,"name":"Shaded","section":"Shading Mode"},"sceneLighting":false,"audioPlay":false,"sceneViewState":{"showFog":true,"showMaterialUpdate":false,"showSkybox":false,"showFlares":true,"showImageEffects":true,"showParticleSystems":true},"in2DMode":false,"pivot":{"x":0.07680368423461914,"y":0.37448805570602419,"z":-0.16930902004241944},"rotation":{"x":0.092148557305336,"y":0.3449765145778656,"z":-0.03405408188700676,"w":0.9334583878517151},"size":9.148204803466797,"orthographic":true}