{"cameraMode":{"drawMode":0,"name":"Shaded","section":"Shading Mode"},"sceneLighting":false,"audioPlay":false,"sceneViewState":{"showFog":true,"showMaterialUpdate":false,"showSkybox":false,"showFlares":true,"showImageEffects":true,"showParticleSystems":true},"in2DMode":false,"pivot":{"x":271.62164306640627,"y":68.73417663574219,"z":-176.11473083496095},"rotation":{"x":0.0830419510602951,"y":0.831875205039978,"z":-0.12955717742443086,"w":0.533206045627594},"size":14.13040828704834,"orthographic":false}