{"cameraMode":{"drawMode":0,"name":"Shaded","section":"Shading Mode"},"sceneLighting":false,"audioPlay":false,"sceneViewState":{"showFog":true,"showMaterialUpdate":false,"showSkybox":false,"showFlares":true,"showImageEffects":true,"showParticleSystems":true},"in2DMode":false,"pivot":{"x":-15.130000114440918,"y":2.059999942779541,"z":6.230000019073486},"rotation":{"x":-0.2648543417453766,"y":-0.6589214205741882,"z":0.26811742782592776,"w":-0.6510721445083618},"size":2.8578836917877199,"orthographic":false}