{"cameraMode":{"drawMode":0,"name":"Shaded","section":"Shading Mode"},"sceneLighting":false,"audioPlay":false,"sceneViewState":{"showFog":true,"showMaterialUpdate":false,"showSkybox":false,"showFlares":true,"showImageEffects":true,"showParticleSystems":true},"in2DMode":false,"pivot":{"x":3.7646484375,"y":2.473052978515625,"z":11.007028579711914},"rotation":{"x":-0.06530147045850754,"y":0.906391978263855,"z":-0.15232455730438233,"w":-0.38856977224349978},"size":7.071938991546631,"orthographic":false}